ID,id_ej,finess,rs,adresse,cpl_loc,longitude,latitude,mod_prel,public,horaire,horaire_prio,check_rdv,tel_rdv,web_rdv,date_modif
OUgdUyNd3pM7HohX,010008407,010005239,CH DU HAUT BUGEY - GEOVREISSET,1 RTE DE VEYZIAT 01108 OYONNAX CEDEX,,5.62734768997551,46.2750589149894,Sur place,Personnel soignant/patients hospitalisés dans l'etablissement,,,,0474731002,,2020-09-24
CzfBJnkzOCt9QofX,060021904,060024247,LBM EUROFINS LABAZUR NICE SITE ST GEORGE,2 AV DE RIMIEZ 06000 NICE,,7.27287780162723,43.7394118428928,En étab. santé,Hospitalisés,Non ouvert au public,,Sur rendez-vous uniquement,,,2020-09-24
Mqm7oxa6cfUFLTfj,120006309,120783063,CSI UDSMA RODEZ,31 Avenue de la Gineste 12000 Rodez,LABORATOIRE DE SECTEUR LxBIO Béteille - 22 rue Béteille - 12000 Rodez,2.566289,44.361668,Equipes mobiles,patients fragiles,,,Sur rendez-vous uniquement,06 80 39 53 66 (à partir du lundi 18 mai),,2020-09-24
qpG7QV9emi318C2Q,120006309,120782230,CSI UDSMA MUR DE BARREZ,Avenue du Cardinal Verdier 12600 Mur-de-Barrez,LABORATOIRE DE SECTEUR LxBIO ESPALION - 4 av d'Estaing - 12500 ESPALION,2.660854,44.843268,Equipes mobiles,patients fragiles,,,Sur rendez-vous uniquement,06 80 39 53 66 (à partir du lundi 18 mai),,2020-09-24
uSeSUjGfk2vJ4mrG,120006309,120782248,CSI UDSMA VILLEFRANCHE DE ROUERGUE,12 Quai du Temple 12200 Villefranche-de-Rouergue,LABORATOIRE DE SECTEUR LxBIO VILLEFRANCHE DE ROUERGUE - place Fontanges - 12200 VILLEFRANCHE DE ROUERGUE,2.039347,44.34935,Equipes mobiles,patients fragiles,,,Sur rendez-vous uniquement,06 80 39 53 66 (à partir du lundi 18 mai),,2020-09-24
ukxnB4Z2JTUWrNZL,120006309,120782933,CSI UDSMA VILLECOMTAL,Route de Rodez 12580 Villecomtal,LABORATOIRE DE SECTEUR LxBIO ESPALION - 4 av d'Estaing - 12500 ESPALION,2.567048,44.533753,Equipes mobiles,patients fragiles,,,Sur rendez-vous uniquement,06 80 39 53 66 (à partir du lundi 18 mai),,2020-09-24
AI65YY6sJIZ9Z8Mv,120006309,1207870215,CSI UDSMA St AFFRIQUE,23 Place de la Liberté 12400 Saint-Affrique,LABORATOIRE DE SECTEUR LxBIO St AFFRIQUE 1 Place Lonjon Raynaud 12400 ST AFFRIQUE,2.887033,43.958674,Equipes mobiles,patients fragiles,,,Sur rendez-vous uniquement,06 80 39 53 66 (à partir du lundi 18 mai),,2020-09-24
axU0OXLLEmcxgojh,120006309,120782255,CSI UDSMA St SERNIN SUR RANCE,20 Avenue d'Albi 12380 Saint-Sernin-sur-Rance,LABORATOIRE DE SECTEUR LxBIO St AFFRIQUE 1 Place Lonjon Raynaud 12400 ST AFFRIQUE,2.603485,43.885944,Equipes mobiles,patients fragiles,,,Sur rendez-vous uniquement,06 80 39 53 66 (à partir du lundi 18 mai),,2020-09-24
UdZRNEyunCia0tHD,120006309,120786785,CSI UDSMA St BEAUZELY,chemin des gardiès 12620 Saint-Beauzély,LABORATOIRE DE SECTEUR  LxBIO MILLAU - 37 av Jean Jaurès - 12100 MILLAU,2.95747339725494,44.1667053507021,Equipes mobiles,patients fragiles,,,Sur rendez-vous uniquement,06 80 39 53 66 (à partir du lundi 18 mai),,2020-09-24
igiLis3kwOwSKLHg,120006309,120782966,CSI UDSMA RIGNAC,10 Rue de la Muraille 12390 Rignac,LABORATOIRE DE SECTEUR LxBIO Béteille - 22 rue Béteille - 12000 Rodez,2.288923,44.409495,Equipes mobiles,patients fragiles,,,Sur rendez-vous uniquement,06 80 39 53 66 (à partir du lundi 18 mai),,2020-09-24
os2COgp4Jp6RRk6L,120006309,120782222,CSI UDSMA MILLAU,26 Rue Lucien Costes 12100 Millau,LABORATOIRE DE SECTEUR  LxBIO MILLAU - 37 av Jean Jaurès - 12100 MILLAU,3.08298,44.105254,Equipes mobiles,patients fragiles,,,Sur rendez-vous uniquement,06 80 39 53 66 (à partir du lundi 18 mai),,2020-09-24
k3dTumITg7N25OUt,120006309,120783048,CSI UDSMA  DECAZEVILLE,Avenue du 10 Aout 12300 Decazeville,LABORATOIRE DE SECTEUR                                LxBIO DECAZEVILLE - 3 place Cabrol - 12300 Decazeville,2.255031,44.558601,Equipes mobiles,patients fragiles,,,Sur rendez-vous uniquement,06 80 39 53 66 (à partir du lundi 18 mai),,2020-09-24
sHbl3pT4ALVmRpB2,120006309,120783063,CSI UDSMA CAPDENAC,3 Rue Emile Combe 12700 Capdenac-Gare,LABORATOIRE DE SECTEUR                                LxBIO DECAZEVILLE - 3 place Cabrol - 12300 Decazeville,2.078768,44.574684,Equipes mobiles,patients fragiles,,,Sur rendez-vous uniquement,06 80 39 53 66 (à partir du lundi 18 mai),,2020-09-24
upKmbXdWnkVdgYOC,120006309,120783055,CSI UDSMA AUBIN CRANSAC,Avenue François Cogné 12110 Aubin,LABORATOIRE DE SECTEUR                                LxBIO DECAZEVILLE - 3 place Cabrol - 12300 Decazeville,2.266181,44.527869,Equipes mobiles,patients fragiles,,,Sur rendez-vous uniquement,06 80 39 53 66 (à partir du lundi 18 mai),,2020-09-24
pb4DBqhqWkIR5Uia,130041916,130000409,CHI SITE D'AIX EN PROVENCE,AV DES TAMARIS 13616 AIX EN PROVENCE CEDEX 1,Pavillon des Tamaris,5.44142180485349,43.5357309668568,Sur place,Personnel soignant/Dépistage pré-opératoire,lundi : 8h30-15h | mardi : 8h30-15h | mercredi : 8h30-15h | jeudi : 8h30-15h | vendredi : 8h30-15h | samedi : fermé | dimanche : fermé | jour férié: fermé,,Sur rendez-vous uniquement,,,2020-10-05
Z0L9wii5jaoL06gX,130042161,130042211,LBM ALPHABIO SITE MARSEILLE/GIORGETTI,6 R ROCCA 13008 MARSEILLE,,5.38598552512663,43.2701289704575,Sur place,FIV,lundi : 14h00-18h00 | mardi : 14h00-18h00 | mercredi : 14h00-18h00 | jeudi : 14h00-18h00 | vendredi : 14h00-18h00 | samedi :/ | dimanche : fermé,,"Pas de rendez-vous, prélèvements réservés pour les PMA",04 91 16 79 16,,2020-09-24
RyBW8jfek0qlMRBE,130781446,130000565,CENTRE HOSPITALIER GENERAL D AUBAGNE,179 AV DES SOEURS GASTINE 13400 AUBAGNE,,5.56335864427781,43.2915127980706,Sur place,Personnel soignant/En préopératoire des actes réalisés sur l'établissements/patients hospitalisés par les urgences/Participation possible en cas de cluster/Patients d'oncologie du CH d'Aubagne,préop de l'établissement  : lundi au vendredi de 11h à 12h30 | Urgences et hospitalisés : 24h/24; 7j/7,,ATTENTION : uniquement  pour les pré-opératoires de l'hôpital et le personnel soignant . Sur RDV,0442847074,,2020-09-24
JPAvCJIC6ynP8wTo,210780417,210987731,CLCC GEORGES-FRANCOIS LECLERC,1 R PROFESSEUR MARION 21079 DIJON CEDEX,,5.069419878896,47.3189151826254,Sur place,Personnel soignant/Malades chroniques (ALD)/Prélèvements réalisés au CLCC limités actuellement aux patients et personnels,lundi : 8h00-18h00 | mardi : 8h00-18h00 | mercredi : 8h00-18h00 | jeudi : 8h00-18h00 | vendredi : 8h00-18h00 | samedi : 8h00-12h00 | dimanche : fermé,,Sur rendez-vous uniquement,,,2020-09-24
0wpLZAcykELECcgn,250017514,390006963,LBM CBM25 DES THERMES,74 Rue de la République 39110 Salins-les-Bains,,5.87771,46.933989,Sur place,Patients symptomatiques/Cas contacts liste CPAM,Lundi :  13H00 - 14H00 | Mardi : 13H00 - 14H00 | Mercredi : 13H00 - 14H00 | Jeudi :13H00 - 14H00 | Vendredi : 13H00 - 14H00 |,,Sans rendez-vous,0384379950,,2020-09-25
LucXEJFdCwWgToQz,250017514,250017571,LBM CBM25 GAMBETTA,16 Rue Gambetta 25000 Besançon,,6.02575,47.2402,Sur place,Patients asymptomatiques,Lundi : 07H00 - 12H30 / 13H30 - 16H30 | Mardi : 07H00 - 12H30 / 13H30 - 16H30 | Mercredi : 07H00 - 12H30 / 13H30 - 16H30 | Jeudi : 07H00 - 12H30 / 13H30 - 16H30 | Vendredi : 07H00 - 12H30 / 13H30 - 16H30 | Samedi : 07H30 - 12H30,,Sans rendez-vous,0381820290,,2020-09-25
SQ5xugeHqPsHwhOW,250017514,250018892,LBM CBM25 DE TERRE ROUGE,32 Rue de Terre-rouge 25000 Besançon,,5.98208,47.2288,Sur place,Patients asymptomatiques,lundi : 07H30 - 19H00 | mardi : 07H30 - 19H00 | mercredi : 07H30 - 19H00 | jeudi :07H30 - 19H00 | vendredi : 07H30 - 19H00 | samedi : 8H00-18H00 |,,Sans rendez-vous,0381478989,,2020-09-25
alurIA4oFg8BdYie,250017514,250017563,LBM CBM25 DU PLATEAU,1 Allée Louis Jahier 25660 Saône,,6.11651,47.2254,Sur place,Patients asymptomatiques,undi : 07H30 - 12H00 / 14H00 - 16H00 | Mardi : 07H30 - 12H00 / 14H00 - 16H00 | Mercredi : 07H30 - 12H00 / 14H00 - 16H00 | Jeudi : 07H30 - 12H00 / 14H00 - 16H00 | Vendredi : 07H30 - 12H00 / 14H00 - 16H00 | Samedi : 08H00 - 12H00,,Sans rendez-vous,0381559898,,2020-09-25
EjtU0AzTsKY7EBQZ,250017514,250017522,LBM CBM25 DES CHAPRAIS,2 Rue de l'Église 25000 Besançon,,6.03155,47.2491,Sur place,Patients asymptomatiques,lundi : 07H00 - 12H30 / 13H30 - 17H00 | mardi : 07H00 - 12H30 / 13H30 - 17H00 | mercredi : 07H00 - 12H30 / 13H30 - 17H00 | jeudi : 07H00 - 12H30 / 13H30 - 17H00 | vendredi : 07H00 - 12H30 / 13H30 - 17H00 | samedi : 07h30-12h30 |,,Sans rendez-vous,0381474680,,2020-09-25
idZCWG2uejYQ9Y4p,250017514,250017548,LBM CBM25 DE MONTJOUX SAINT-CLAUDE,33 c Rue de Vesoul 25000 Besançon,,6.01854,47.2502,Sur place,Patients asymptomatiques,lundi : 7h00-12h30-13h30-17h00 | mardi :7h00-12h30-13h30-17h00 | mercredi : 7h00-12h30-13h30-17h00 | jeudi : 7h00-12h30-13h30-17h00 | vendredi :7h00-12h30-13h30-17h00 | samedi : 7h00-12h30 |,,Sans rendez-vous,0381474670,,2020-09-25
obeE03FSIGe0MRVL,250017514,250017555,LBM CBM25 PLANOISE ILE-DE-FRANCE,18 AV DE L'ILE DE FRANCE 25000 BESANCON,,5.96702784586418,47.2213954016769,Sur place,Patients asymptomatiques,lundi :07H30 - 12H30 / 13H30 - 17H00 | mardi : 07H30 - 12H30 / 13H30 - 17H00 | mercredi : 07H30 - 12H30 / 13H30 - 17H00 | jeudi : 07H30 - 12H30 / 13H30 - 17H00 | vendredi :07H30 - 12H30 / 13H30 - 17H00 | samedi : 07H30-12h00 |,,Sans rendez-vous,03 81 41 38 82,https://www.cbm25.fr/covid,2020-09-25
g6u6DlexoTbi6FVm,250017514,250017563,LBM CBM25 DU PLATEAU,1 Allée Louis Jahier 25660 Saône,,6.11651,47.2254,Sur place,Cas contacts liste CPAM/Patients symptomatiques,lundi : 14H-16H | mardi : 14H-16H | mercredi : 14H-16H | vendredi : 14H-16H |,,Sans rendez-vous,0381559898,,2020-09-25
lwkmh6qSiojqf4qu,250017514,250017571,LBM CBM25 GAMBETTA,16 Rue Gambetta 25000 Besançon,,6.02575,47.2402,Sur place,Cas contacts liste CPAM/Patients symptomatiques,Lundi :  13H30 - 16H30 | Mardi : 13H30 - 16H30 | Mercredi :  13H30 - 16H30 | Jeudi : 13H30 - 16H30 | Vendredi : 13H30 - 16H30 |,,Sans rendez-vous,0381820290,,2020-09-25
Acn0hRNi8p9Glr2S,250017514,250017605,LBM CBM25 DES TILLEROYES,40 CHE DES TILLEROYES 25000 BESANCON,,5.98000806423591,47.2444641608669,Sur place,Patients asymptomatiques,lundi : 7h00-19h00 | mardi : 7h00-19h00 | mercredi : 7h00-19h00 | jeudi : 7h00-19h00 | vendredi : 7h00-19h00 | samedi : 7h30-12h30 |,,Sans rendez-vous,03 81 47 44 70,,2020-09-25
PChmE2V9vajGbs3g,250017514,250017662,LBM CBM25 DE PLANOISE POLYCLINIQUE,1 R RODIN 25000 BESANCON,,5.97851412234159,47.2150951856377,Sur place,Patients asymptomatiques,lundi : 07H30 - 12H30 / 13H30 - 18H00 | mardi : 07H30 - 12H30 / 13H30 - 18H00 | mercredi : 07H30 - 12H30 / 13H30 - 18H00 | jeudi : 07H30 - 12H30 / 13H30 - 18H00 | vendredi : 07H30 - 12H30 / 13H30 - 18H00 | samedi :8H00-12H30 |,,Sans rendez-vous,0381418010,,2020-09-25
XNUJ3Ra3OWTvW88n,250017514,390006963,LBM CBM25 DES THERMES,74 Rue de la République 39110 Salins-les-Bains,,5.87771,46.933989,Sur place,Patients asymptomatiques,Lundi : 08H00 - 14H00 | Mardi : 08H00 - 14H00 | Mercredi : 08H00 - 14H00 | Jeudi : 08H00 - 14H00 | Vendredi : 08H00 - 14H00 | Samedi : 08H00 - 12H00 |,,Sans rendez-vous,0384379950,,2020-09-25
wUM4gvpRiKm1iYMD,280006495,280006503,LBM TONNELLERIE VALLEE DE L'EURE CHART,7 R DE LA TONNELLERIE 28000 CHARTRES,,1.4872200458583,48.4442295660773,Sur place,bilan préopératoire,8h-12h sauf samedi et dimanche,,Sur rendez-vous uniquement,0237361370,,2020-09-24
DCBSXANiob81d0Pn,280006495,280006511,LBM TONNELLERIE VALLEE DE L'EURE LUCE,71 R DE LA REPUBLIQUE 28110 LUCE,,1.46053175685432,48.4392208638571,Sur place,bilan préopératoire,8h-12h sauf samedi et dimanche,,Sur rendez-vous uniquement,0237330757,,2020-09-24
lAp2rOnneMTmFa29,280006495,280006537,LBM TONNELLERIE VALLEE DE L'EURE MAINT,4 R GENEVIEVE RAINDRE 28130 MAINTENON,,1.57731492851441,48.5886035303802,Sur place,bilan préopératoire,8h-12h sauf samedi et dimanche,,Sur rendez-vous uniquement,0237271325,,2020-09-24
SbFLi0VXMuXYwM6d,280006495,280006545,LBM TONNELLERIE VALLEE DE L'EURE NOGEN,5 R MAX COUSIN 28210 NOGENT LE ROI,,1.52213004278008,48.6531808031818,Sur place,bilan préopératoire,8h-12h,,Sur rendez-vous uniquement,0237513543,,2020-09-24
7GUSnSRQJMY0eIT4,280006495,280006743,LBM TONNELLERIE VALLEE DE L'EURE EPERN,R DE LA MADELEINE 28230 EPERNON,,1.68255197323199,48.6107209318036,Sur place,bilan préopératoire,8h-12h sauf samedi et dimanche,,Sur rendez-vous uniquement,0237837830,,2020-09-24
XsmMisiCBoqSzWby,280006495,280007022,LBM TONNELLERIE VALLEE DE L'EURE AUNEA,18 ALL DES SEMOIRS 28700 AUNEAU BLEURY ST SYMPHORIE,,1.77141816313355,48.4590861604001,Sur place,bilan préopératoire,8h-12h sauf samedi et dimanche,,Sur rendez-vous uniquement,0237312982,,2020-09-24
NnC0arkEU4yNi9La,310023981,310023775,LBM BIOLAB AVENIR GIRONIS,45 R DE GIRONIS 31000 TOULOUSE,,1.42393978525966,43.5631454152776,Sur place,Personnel soignant,,,Sur rendez-vous uniquement,,,2020-10-05
Ch6V949xCRy7CabK,310780671,310000310,CH COMMINGES PYRENEES SITE PLANCARD,351 Avenue de Saint-plancard 31800 Saint-Gaudens,Service des urgences et autres services,0.709515,43.112395,Sur place,Patient des urgences ou hospitalisés/Personnel soignants du CHCP,,,,0562004001 ou 0561898000,,2020-10-07
7gAOFrgG2ybMlH7G,310780671,310792056,USLD CH COMMINGES PYRENEES PLANCARD,AV DE ST PLANCARD 31800 ST GAUDENS,,0.705742362020643,43.115284792423,Sur place,Patients hospitalisés,,,,0562004361,,2020-10-07
qnNttQHgg2CY5bIN,310780671,310792353,EHPAD ORELIA SITE ST PLANCARD,AV DE ST PLANCARD 31806 ST GAUDENS CEDEX,,0.705742362020643,43.115284792423,Sur place,Résidents de l'EHPAD,,,,0562004371,,2020-10-07
wf5qoL3wPeXPQUvY,330000324,330780537,HOPITAL PRIVE WALLERSTEIN,14 BD JAVAL 33740 ARES,Non accessible au grand-public,-1.13249718511133,44.7564711282325,En étab. santé,Patients ayant été atteints par le COVID-19,,,,,,2020-09-24
ttcaM2pb7vh51w6w,330045469,330029869,LBM ACCOLAB SUD-OUEST - GRAND PARC,34 R LOUIS GENDREAU 33000 BORDEAUX,,-0.583606464838651,44.8594777283586,Sur place,Personnes asymptomatiques seulement,Sur rendez-vous uniquement,,Sur rendez-vous uniquement,0556500463,,2020-09-24
U9wyee9YJdJoTm1t,330045469,330046939,LBM ACCOLAB SUD-OUEST GALLIENI,45 CRS MARECHAL GALLIENI 33000 BORDEAUX,,-0.5912939422588,44.8242808566271,Sur place,Personnes asymptomatiques seulement,Sur rendez-vous uniquement,,Sur rendez-vous uniquement,0556989261,,2020-09-24
xOZAxz00Dka0d2Is,330781196,A PRECISER,Aéroport de Bordeaux Mérignac,Avenue René Cassin 33700 Mérignac,Entre le Hall A arrivée des voyageurs et le Hall B au rez-de chaussée,-0.709991455078125,44.8185877970267,Sur place,Voyageurs,lundi : 9h-17h | mardi : 9h-17h | mercredi : 9h-17h | jeudi : 9h-17h | vendredi : 9h-17h | samedi :fermé | dimanche : fermé,,Sans rendez-vous,,,2020-10-07
zMeOMBi4NEO6mKuU,330781220,330000571,CH DE LA HAUTE GIRONDE,97 R DE L'HOPITAL 33394 BLAYE CEDEX,Patients hospitalisés uniquement,-0.65907255053121,45.1347100816262,En étab. santé,Patients ayant été atteints par le COVID-19,,,,,,2020-09-24
jSSigzd4PICuWpY9,330781220,330007980,EHPAD - USLD CH SAINT-NICOLAS BLAYE,R DE L'HOPITAL 33390 BLAYE,Résidents EHPAD uniquement,-0.657859523788957,45.1355746464605,En EHPAD,Patients ayant été atteints par le COVID-19,,,,,,2020-09-24
cyeA4n9aaNj8rC4l,330781220,330782517,EHPAD LES TERRASSES DE BELLEROQUE,33710 BOURG SUR GIRONDE,Résidents EHPAD uniquement,-0.559690287791306,45.0390934404962,En EHPAD,Patients ayant été atteints par le COVID-19,,,,,,2020-09-24
zsmD4B7mAQ5wPQhp,330796392,330780495,CLINIQUE MUTUALISTE DU MEDOC,64 R ARISTIDE BRIAND 33340 LESPARRE MEDOC,Non accessible au grand-public,-0.937326647828774,45.3041295981333,En étab. santé,Patients ayant été atteints par le COVID-19,,,,,,2020-09-24
cT2Eh4opEJBJGzoP,330796392,330780529,CLINIQUE MUTUALISTE DE PESSAC,46 AV DU DOCTEUR SCHWEITZER 33608 PESSAC CEDEX,Non accessible au grand-public,-0.630403701678405,44.8058198365679,En étab. santé,Patients ayant été atteints par le COVID-19,,,,,,2020-09-24
VDGHpJRmIP2LRWUs,340019306,300013521,LBM LABOSUD NIMES CAREMEAU SUD,85 Boulevard des Francais Libres 30900 Nîmes,Laboratoire,4.32692,43.824604,Sur place,Patients sans symptômes pour des bilans pré-opératoires ou toutes autres situations hors cas contacts,Appeler le laboratoire,,Avec ou sans rendez-vous,04 66 64 10 21,,2020-09-24
YuKZkY4qVjg1abwX,340019306,130017601,LBM LABOSUD ST MARTIN DE CRAU,6 Avenue des Alpilles 13310 Saint-Martin-de-Crau,Laboratoire,4.810499,43.638798,Sur place,Cas contacts liste CPAM/Patients sans symptômes pour des bilans pré-opératoires ou toutes autres situations hors cas contacts,Appeler le laboratoire,,Avec ou sans rendez-vous,04 90 47 03 15,,2020-09-24
Iah3KJaZrjH46ZsM,340019306,130039217,LBM LABOSUD ARLES ALYSCAMPS,Avenue des Alyscamps 13200 Arles,Laboratoire,4.63212132453919,43.6740156116685,Sur place,Patients sans symptômes pour des bilans pré-opératoires ou toutes autres situations hors cas contacts,Appeler le laboratoire,,Avec ou sans rendez-vous,04 90 18 40 40,,2020-09-24
Y1jaPHgJ35QlPM2Q,340019306,130040207,LBM LABOSUD ST REMY DE PROVENCE,6 Rue Roger Salengro 13210 Saint Remy de Provence,Laboratoire,4.82935514781647,43.7894758850176,Sur place,Patients sans symptômes pour des bilans pré-opératoires ou toutes autres situations hors cas contacts,Appeler le laboratoire,,Avec ou sans rendez-vous,04 90 92 36 36,,2020-09-24
gAofJxB7sbf26vDg,340019306,300013307,LBM LABOSUD NIMES FEUCHERES,7 Avenue Feuchères  30000 Nîmes,Laboratoire,4.36452646619431,43.8338760984653,Sur place,Patients sans symptômes pour des bilans pré-opératoires ou toutes autres situations hors cas contacts,Appeler le laboratoire,,Avec ou sans rendez-vous,04 66 29 25 34,,2020-09-24
wm2jlvpvDRFEe6VR,340019306,300013315,LBM LABOSUD MARGUERITTES,20 bis Rue Vincent 30320 Marguerittes,Laboratoire,4.449858,43.861069,Sur place,Patients sans symptômes pour des bilans pré-opératoires ou toutes autres situations hors cas contacts,Appeler le Laboratoire,,Avec ou sans rendez-vous,04 66 75 38 64,,2020-09-24
2NrZid0DPAip0LXm,340019306,300013380,LBM LABOSUD BEAUCAIRE,2 Quai General de Gaulle 30300 Beaucaire,Laboratoire,4.639194,43.806786,Sur place,Patients sans symptômes pour des bilans pré-opératoires ou toutes autres situations hors cas contacts,Appeler le Laboratoire,,Avec ou sans rendez-vous,04 66 59 12 75,,2020-09-24
TLGxEwZuEzFEHnyq,340019306,300013398,LBM LABOSUD AIGUES MORTES,15 Avenue Frédéric Mistral 30220 Aigues-Mortes,Laboratoire,4.198424,43.567653,Sur place,Patients sans symptômes pour des bilans pré-opératoires ou toutes autres situations hors cas contacts,Appeler le laboratoire,,Avec ou sans rendez-vous,04 66 53 80 40,,2020-09-24
OhyKKcLGExVcJDFh,340019306,300013406,LBM LABOSUD        GRAU DU ROI,38 Quai du 19 Mars 1962 30240 Le Grau-du-Roi,Laboratoire,4.136779,43.539369,Sur place,Patients sans symptômes pour des bilans pré-opératoires ou toutes autres situations hors cas contacts,Appeler le Laboratoire,,Avec ou sans rendez-vous,04 66 51 45 06,,2020-09-24
MMeI1pnEDBbXtVfZ,340019306,300013414,LBM LABOSUD MILHAUD,2 Place du Castellas 30540 Milhaud,Laboratoire,4.309223,43.789875,Sur place,Patients sans symptômes pour des bilans pré-opératoires ou toutes autres situations hors cas contacts,Appeler le Laboratoire,,Avec ou sans rendez-vous,04 66 74 32 80,,2020-09-24
CuuD4Kk1lJUWGZ9g,340019306,300013422,LBM LABOSUD SOMMIERES,218 Chemin de Campagne 30250 Sommières,Laboratoire,4.0788,43.781739,Sur place,Patients sans symptômes pour des bilans pré-opératoires ou toutes autres situations hors cas contacts,Appeler le Laboratoire,,Avec ou sans rendez-vous,04 66 80 00 56,,2020-09-24
Mx3dOsZJ4QS19p1l,340019306,300013430,LBM LABOSUD ST DIONIZY,Route de Nîmes 30980 Saint-Dionisy,Laboratoire,4.231375,43.806388,Sur place,Patients sans symptômes pour des bilans pré-opératoires ou toutes autres situations hors cas contacts,Appeler le laboratoire,,Avec ou sans rendez-vous,04 66 58 11 80,,2020-09-24
DTdbh7KFA0YebeR4,340019306,300013448,LBM LABOSUD VAUVERT,Rue Emile Zola 30600 Vauvert,Laboratoire,4.276001,43.693372,Sur place,Patients sans symptômes pour des bilans pré-opératoires ou toutes autres situations hors cas contacts,Appeler le laboratoire,,Avec ou sans rendez-vous,04 66 88 22 20,,2020-09-24
ktsPKA5oPfLIzFYJ,340019306,300013497,LBM LABOSUD QUISSAC,41 Rue du Lac 30260 Quissac,Laboratoire,4.003767,43.911444,Sur place,Patients sans symptômes pour des bilans pré-opératoires ou toutes autres situations hors cas contacts,Appeler le laboratoire,,Avec ou sans rendez-vous,04 66 73 12 70,,2020-09-24
pZmnzrySTIxBAujo,340019306,300013513,LBM LABOSUD SAINT-AMBROIX,22 Rue de la République 30500 Saint-Ambroix,Laboratoire,4.199587,44.259945,Sur place,Patients sans symptômes pour des bilans pré-opératoires ou toutes autres situations hors cas contacts,Appeler le laboratoire,,Avec ou sans rendez-vous,04 66 24 00 84,,2020-09-24
pi3mKBChk3rDCxb7,340019306,300013539,LBM LABOSUD ALES MARTYRS,12 Place des Martyrs de la Resistance 30100 Alès,Laboratoire,4.079213,44.12643,Sur place,Patients sans symptômes pour des bilans pré-opératoires ou toutes autres situations hors cas contacts,Appeler le laboratoire,,Avec ou sans rendez-vous,04 66 52 24 44,,2020-09-24
qBkY9e2OY4crlFzp,340019306,300013976,LBM LABOSUD LA GRAND COMBE,18 Rue de la Clède 30110 La Grand-Combe,Laboratoire,4.031667,44.210502,Sur place,Patients sans symptômes pour des bilans pré-opératoires ou toutes autres situations hors cas contacts,Appeler le laboratoire,,Avec ou sans rendez-vous,04 66 34 15 18,,2020-09-24
chWwX0ci7kKHZePN,340019306,300013984,LBM LABOSUD SAINT-CHRISTOL-LES-ALES,218 Avenue Jean Moulin 30380 Saint Christol les Alès,Laboratoire,4.07755900016788,44.0819299168966,Sur place,Patients sans symptômes pour des bilans pré-opératoires ou toutes autres situations hors cas contacts,Appeler le laboratoire,,Avec ou sans rendez-vous,04 66 60 84 78,,2020-09-24
eytsp42jCOsIgSk7,340019306,300013992,LBM LABOSUD ANDUZE,6 Boulevard Jean Jaurès 30140 Anduze,Laboratoire,3.98453729701864,44.0544579067974,Sur place,Patients sans symptômes pour des bilans pré-opératoires ou toutes autres situations hors cas contacts,Appeler le laboratoire,,Avec ou sans rendez-vous,04 66 61 92 35,,2020-09-24
BhZRq0NpTj0GivWV,340019306,300014099,LBM LABOSUD LA CALMETTE,5 Rue Fanfonne Guillerme 30190 La Calmette,Laboratoire,1.705075,43.290365,Sur place,Patients sans symptômes pour des bilans pré-opératoires ou toutes autres situations hors cas contacts,Appeler le laboratoire,,Avec ou sans rendez-vous,04 66 63 14 14,,2020-09-24
Z38BdnBz4hpWHWR3,340019306,340018365,LBM LABOSUD MONTPELLIER CLINIQUE DU MILLENAIRE,Boulevard Pénélope 34000 Montpellier,Laboratoire,3.913143,43.603631,Sur place,Patients sans symptômes pour des bilans pré-opératoires ou toutes autres situations hors cas contacts,Appeler le laboratoire,,Avec ou sans rendez-vous,04 99 53 63 63,,2020-09-24
qZBVxbvyY8eul3lb,340019306,340018373,LBM LABOSUD MONTPELLIER ALCO,141 Avenue Paul Bringuier 34080 Montpellier,Laboratoire,3.840069,43.61534,Sur place,Patients sans symptômes pour des bilans pré-opératoires ou toutes autres situations hors cas contacts,Appeler le laboratoire,,Avec ou sans rendez-vous,04 67 45 45 18,,2020-09-24
nwlct8zZinBGRz5Q,340019306,340018381,LBM LABOSUD MONTPELLIER TANNEURS,1 Quai des Tanneurs 34090 Montpellier,Laboratoire,3.874815,43.616216,Sur place,Patients sans symptômes pour des bilans pré-opératoires ou toutes autres situations hors cas contacts,Appeler le laboratoire,,Avec ou sans rendez-vous,04 67 63 41 41,,2020-09-24
ahmXdU37tfiWTohb,340019306,340018399,LBM LABOSUD MONTPELLIER CLINIQUE CLEMENTVILLE,25 Rue de Clémentville 34070 Montpellier,Laboratoire,3.852201,43.613119,Sur place,Patients sans symptômes pour des bilans pré-opératoires ou toutes autres situations hors cas contacts,Appeler le laboratoire,,Avec ou sans rendez-vous,04 67 92 08 37,,2020-09-24
UO9P0sYgN6EL4l9U,340019306,340018407,LBM LABOSUD MONTPELLIER CLINIQUE ST ROCH,550 Avenue du Colonel Pavelet 34070 Montpellier,Laboratoire,3.861834,43.583112,Sur place,Patients sans symptômes pour des bilans pré-opératoires ou toutes autres situations hors cas contacts,Appeler le laboratoire,,Avec ou sans rendez-vous,04 67 52 00 42,,2020-09-24
FAKkqY1xmnnOVClC,340019306,340018589,LBM LABOSUD BEZIERS CLEMENCEAU,29 Avenue Georges Clémenceau 34500 Béziers,Laboratoire,3.216916,43.346085,Sur place,Patients sans symptômes pour des bilans pré-opératoires ou toutes autres situations hors cas contacts,Appeler le laboratoire,,Avec ou sans rendez-vous,04 67 28 81 50,,2020-09-24
XZsQS7if2IRwDtay,340019306,340018597,LBM LABOSUD LUNEL VIA DOMITIA,Clinique Via Domitia- Chemin des Alicantes- Bâtiment B  34400 Lunel,Laboratoire,4.12329208268337,43.6637945808652,Sur place,Patients sans symptômes pour des bilans pré-opératoires ou toutes autres situations hors cas contacts,Appeler le laboratoire,,Avec ou sans rendez-vous,04 67 71 08 40,,2020-09-24
j2HexHht3N3Ve50D,340019306,340018621,LBM LABOSUD MONTPELLIER MAS DREVON,29 Rue Guillaume Janvier 34000 Montpellier,Laboratoire,3.86735361127514,43.5953159009443,Sur place,Patients sans symptômes pour des bilans pré-opératoires ou toutes autres situations hors cas contacts,Appeler le laboratoire,,Avec ou sans rendez-vous,04 67 42 75 13,,2020-09-24
8zOS0Locd8YFfQ3j,340019306,340018639,LBM LABOSUD MONTPELLIER LES ARCEAUX,22 Rue Saint Louis 34000 Montpellier,Laboratoire,3.86671,43.612532,Sur place,Patients sans symptômes pour des bilans pré-opératoires ou toutes autres situations hors cas contacts,Appeler le laboratoire,,Avec ou sans rendez-vous,04 67 63 10 00,,2020-09-24
Z76808U9G3MwLfy8,340019306,340018654,LBM LABOSUD GIGNAC,19 Boulevard de l'Esplanade 34150 Gignac,Laboratoire,3.55347,43.652531,Sur place,Patients sans symptômes pour des bilans pré-opératoires ou toutes autres situations hors cas contacts,Appeler le laboratoire,,Avec ou sans rendez-vous,04 67 57 58 74,,2020-09-24
5BOT4Xf9LYiEqVFO,340019306,340018662,LBM LABOSUD MEZE,9 bis Avenue du Général de Gaulle 34140 Mèze,Laboratoire,3.60232655050906,43.4256893991579,Sur place,Patients sans symptômes pour des bilans pré-opératoires ou toutes autres situations hors cas contacts,Appeler le laboratoire,,Avec ou sans rendez-vous,04 67 43 82 58,,2020-09-24
cBFvnTjX5oSG68nr,340019306,340018670,LBM LABOSUD FRONTIGNAN MISTRAL,26 avenue Frédéric Mistral 34110 Frontignan,Laboratoire,3.75195129607802,43.4483857001943,Sur place,Patients sans symptômes pour des bilans pré-opératoires ou toutes autres situations hors cas contacts,Appeler le laboratoire,,Avec ou sans rendez-vous,04 67 48 36 00,,2020-09-24
8U9HKJ0MyMs9XNvr,340019306,340018688,LBM LABOSUD POUSSAN,7 Avenue du Général De Gaulle 34560 Poussan,Laboratoire,3.66834184004126,43.4867250520963,Sur place,Patients sans symptômes pour des bilans pré-opératoires ou toutes autres situations hors cas contacts,Appeler le laboratoire,,Avec ou sans rendez-vous,04 67 51 85 15,,2020-09-24
EaYqcAskDes75xHF,340019306,340018696,LBM LABOSUD MONTPELLIER LAVERUNE,65 Route de Lavérune 34070 Montpellier,Laboratoire,3.852538,43.601744,Sur place,Patients sans symptômes pour des bilans pré-opératoires ou toutes autres situations hors cas contacts,Appeler le laboratoire,,Avec ou sans rendez-vous,04 67 47 02 22,,2020-09-24
egGGE47D3LjzrXrs,340019306,340018712,LBM LABOSUD JUVIGNAC,60 Rue Saint Georges d'Orques 34990 Juvignac,Laboratoire,3.80598074413152,43.6115721607197,Sur place,Patients sans symptômes pour des bilans pré-opératoires ou toutes autres situations hors cas contacts,Appeler le laboratoire,,Avec ou sans rendez-vous,04 67 75 25 22,,2020-09-24
MbvBjXlO3bLjBUdV,340019306,340018720,LBM LABOSUD CLAPIERS,1830 Boulevard de la Liberté 34830 Clapiers,Laboratoire,3.89973599504291,43.6597905675518,Sur place,Patients sans symptômes pour des bilans pré-opératoires ou toutes autres situations hors cas contacts,Appeler le laboratoire,,Avec ou sans rendez-vous,04 67 59 41 00,,2020-09-24
DOh4zr0CpHWZ8nxX,340019306,340018738,LBM LABOSUD MAUGUIO,163 Boulevard de la liberté 34130 Mauguio,Laboratoire,4.01212888115739,43.6140562322595,Sur place,Patients sans symptômes pour des bilans pré-opératoires ou toutes autres situations hors cas contacts,Appeler le laboratoire,,Avec ou sans rendez-vous,04 67 29 24 00,,2020-09-24
DVbkGYlXAPnxEzIP,340019306,340018746,LBM LABOSUD MONTPELLIER ANTIGONE,"4, 5 Place du Nombre d'Or  34000 Montpellier",Laboratoire,3.88784951475836,43.6077748324125,Sur place,Patients sans symptômes pour des bilans pré-opératoires ou toutes autres situations hors cas contacts,Appeler le laboratoire,,Avec ou sans rendez-vous,04 67 65 93 39,,2020-09-24
tfNmBmo0vYzUFFGY,340019306,340018761,LBM LABOSUD LE CRES,2 Avenue Monteroni d'Arbia 34920 Le Crès,Laboratoire,3.936589,43.660064,Sur place,Patients sans symptômes pour des bilans pré-opératoires ou toutes autres situations hors cas contacts,Appeler le laboratoire,,Avec ou sans rendez-vous,04 67 70 42 55,,2020-09-24
BbdmCWY2cgxGpmVX,340019306,340018779,LBM LABOSUD MONTPELLIER CELLENEUVE,8 Route de Lodève 34080 Montpellier,Laboratoire,3.829701,43.614727,Sur place,Patients sans symptômes pour des bilans pré-opératoires ou toutes autres situations hors cas contacts,Appeler le laboratoire,,Avec ou sans rendez-vous,04 67 75 24 45,,2020-09-24
mX8yohezM0oTPUcs,340019306,340018787,LBM LABOSUD CASTRIES,3 Centre Commercial la Couronne 34160 Castries,Laboratoire,3.985609,43.680762,Sur place,Patients sans symptômes pour des bilans pré-opératoires ou toutes autres situations hors cas contacts,Appeler le laboratoire,,Avec ou sans rendez-vous,04 67 87 03 87,,2020-09-24
9TRY5KRzuJA48nAR,340019306,340018803,LBM LABOSUD               LA GRANDE-MOTTE,79 Place Paul Valéry 34280 La Grande-Motte,Laboratoire,4.08868294163125,43.5576980490634,Sur place,Patients sans symptômes pour des bilans pré-opératoires ou toutes autres situations hors cas contacts,Appeler le laboratoire,,Avec ou sans rendez-vous,04 67 56 70 60,,2020-09-24
Db7P9vyZC3pSVxnS,340019306,340018811,LBM LABOSUD MONTPELLIER LA LYRE,22 Rue Georges Denizot 34090 Montpellier,Laboratoire,3.845536,43.642249,Sur place,Patients sans symptômes pour des bilans pré-opératoires ou toutes autres situations hors cas contacts,Appeler le laboratoire,,Avec ou sans rendez-vous,04 67 61 10 33,,2020-09-24
y2ep6nfdJv1H8o7t,340019306,340018829,LBM LABOSUD PEROLS,Le Prado del Sol - Allée Jacques Brel 34470 Perols,Laboratoire,3.95185141847232,43.5620387053074,Sur place,Patients sans symptômes pour des bilans pré-opératoires ou toutes autres situations hors cas contacts,Appeler le laboratoire,,Avec ou sans rendez-vous,04 67 50 01 88,,2020-09-24
q3vIK3JrQYIwIG5e,340019306,340018845,LBM LABOSUD MONTPELLIER LES CEVENNES,527 Avenue Professeur Louis Ravas 34080 Montpellier,Laboratoire,3.849992,43.620255,Sur place,Patients sans symptômes pour des bilans pré-opératoires ou toutes autres situations hors cas contacts,Appeler le laboratoire,,Avec ou sans rendez-vous,04 67 52 67 72,,2020-09-24
Rfd5ZFnnrArqIr13,340019306,340019314,LBM LABOSUD MONTPELLIER CENTRE VILLE,3 Rue de Maguelone 34000 Montpellier,Laboratoire,3.879606,43.607645,Sur place,Patients sans symptômes pour des bilans pré-opératoires ou toutes autres situations hors cas contacts,Appeler le laboratoire,,Avec ou sans rendez-vous,04 67 58 37 28,,2020-09-24
ak62TW6Xs16wFRH9,340019306,340019322,LBM LABOSUD MONTPELLIER AVENUE DE PALAVAS,100 Avenue de Palavas 34070 Montpellier,Laboratoire,3.886798,43.596957,Sur place,Patients sans symptômes pour des bilans pré-opératoires ou toutes autres situations hors cas contacts,Appeler le laboratoire,,Avec ou sans rendez-vous,04 67 64 82 55,,2020-09-24
L96Jdm911MN4dYiD,340019306,340019405,LBM LABOSUD MONTPELLIER CLINIQUE ST JEAN,36 Avenue Buisson Bertrand 34000 Montpellier,Laboratoire,3.87114195259911,43.6186314947033,Sur place,Patients sans symptômes pour des bilans pré-opératoires ou toutes autres situations hors cas contacts,Appeler le laboratoire,,Avec ou sans rendez-vous,04 67 61 20 94,,2020-09-24
y7IPYERRpS365UjB,340019306,340019488,LBM LABOSUD CASTELNAU LE LEZ- LA POMPIGNANE,140 Avenue Georges Frêche 34170 Castelnau-le-Lez,Laboratoire,3.90119,43.625975,Sur place,Patients sans symptômes pour des bilans pré-opératoires ou toutes autres situations hors cas contacts,Appeler le laboratoire,,Avec ou sans rendez-vous,04 67 10 36 43,,2020-09-24
9ETULZCleRMvd3bg,340019306,340019496,LBM LABOSUD ST JEAN DE VEDAS,142 Esplanade de l'Ortet 34430 Saint-Jean-de-Védas,Laboratoire,3.830491,43.577184,Sur place,Patients sans symptômes pour des bilans pré-opératoires ou toutes autres situations hors cas contacts,Appeler le laboratoire,,Avec ou sans rendez-vous,04 67 27 85 06,,2020-09-24
nnanYxwpHMfwUKKM,340019306,340019637,LBM LABOSUD BAILLARGUES,1 Rue des Coustouliès 34670 Baillargues,Laboratoire,4.00820907964487,43.6571887189246,Sur place,Patients sans symptômes pour des bilans pré-opératoires ou toutes autres situations hors cas contacts,Appeler le laboratoire,,Sur rendez-vous uniquement,04 67 87 10 09,,2020-09-24
XvJJME62ahsonR61,340019306,340019694,LBM LABOSUD MAGALAS,1 Rue de l'Audacieuse 34480 Magalas,Laboratoire,3.20728,43.469015,Sur place,Patients sans symptômes pour des bilans pré-opératoires ou toutes autres situations hors cas contacts,Appeler le laboratoire,,Avec ou sans rendez-vous,04 67 36 61 62,,2020-09-24
DE8YwIQ3R0ujztPa,340019306,340019835,LBM LABOSUD SAINT GELY DU FESC,41 Impasse des Trois Pointes 34980 St Gely Du Fesc,Laboratoire,3.81644616710203,43.6760295728803,Sur place,Patients sans symptômes pour des bilans pré-opératoires ou toutes autres situations hors cas contacts,Appeler le laboratoire,,Avec ou sans rendez-vous,04 67 84 30 66,,2020-09-24
KmQ6A9LB94KJYxQ9,340019306,340019843,LBM LABOSUD LATTES,Rond-Point Europe 34970 Lattes,Laboratoire,3.90508163059724,43.5711505158409,Sur place,Patients sans symptômes pour des bilans pré-opératoires ou toutes autres situations hors cas contacts,Appeler le laboratoire,,Avec ou sans rendez-vous,04 67 64 87 62,,2020-09-24
AlrJLk0rQ1AVjiK4,340019306,340019876,LBM LABOSUD MONTPELLIER JUSTICE,62 Avenue de la Justice de Castelnau- Espace Santé des Facultés 34090 Montpellier,Laboratoire,3.871575,43.626923,Sur place,Patients sans symptômes pour des bilans pré-opératoires ou toutes autres situations hors cas contacts,Appeler le laboratoire,,Avec ou sans rendez-vous,04 67 41 14 02,,2020-09-24
pFyJLMvwGmGXJuhu,340019306,340020536,LBM LABOSUD MONTPELLIER LA PAILLADE,93 Avenue de Barcelone 34080 Montpellier,Laboratoire,3.817278,43.621512,Sur place,Patients sans symptômes pour des bilans pré-opératoires ou toutes autres situations hors cas contacts,Appeler le laboratoire,,Avec ou sans rendez-vous,04 34 35 80 00,,2020-09-24
22Cj626AOgGHp5aa,340019306,340021179,LBM LABOSUD BEZIERS LES ALLEES,53 Allée Paul Riquet 34500 Béziers,Laboratoire,3.21857,43.340699,Sur place,Patients sans symptômes pour des bilans pré-opératoires ou toutes autres situations hors cas contacts,Appeler le laboratoire,,Avec ou sans rendez-vous,04 67 76 37 14,,2020-09-24
uJFAe5MxKWWv05VP,340019306,340021393,LBM LABOSUD BEZIERS MONTIMARAN,Boulevard Jules Cadenat- 5 Rue Dr Fleming- Centre médical Montimaran 34500 Béziers,Laboratoire,3.25679145231925,43.3365857340883,Sur place,Patients sans symptômes pour des bilans pré-opératoires ou toutes autres situations hors cas contacts,Appeler le laboratoire,,Avec ou sans rendez-vous,04 67 76 60 36,,2020-09-24
n7sNj6xTsH20C4Py,340019306,340022011,LBM LABOSUD  BEZIERS CARRE D'HORT,62 Avenue Jean Moulin 34500 Béziers,Laboratoire,3.232855,43.352696,Sur place,Patients sans symptômes pour des bilans pré-opératoires ou toutes autres situations hors cas contacts,Appeler le laboratoire,,Sur rendez-vous uniquement,04 67 30 23 00,,2020-09-24
Ykhj0UZeUGxRQ4cU,350023503,350002812,C.R.L.C.C. EUGENE MARQUIS,5 R BATAILLE FLANDRES-DUNKERQUE 35000 RENNES,,-1.70249351426916,48.1213571662779,Sur place,patients CLCC uniquement,,,,,,2020-09-24
RQB39ydnAVWkw6eU,370000481,370000879,CENTRE HOSPITALIER INTERCOMMUNAL d'AMBOISE -CHATEAU-RENAULT,Rue des Ursulines - 37400 - AMBOISE,Hôpital Robert Debré - Site d'Amboise,0.9813019547378,47.405393623122,Sur place,personnels hospitaliers/consultant (sur prescription médicale),Lundi : fermé | Mardi : 9h00-15h30 | Mercredi : fermé | Jeudi : 9h00-15h30 | Vendredi : fermé | Samedi : fermé | Dimanche : fermé,,Sur rendez-vous uniquement,02.47.23.31.32,,2020-10-07
UyzOSCrzlm8VjcCS,370000481,370000531,CH DU CHINONAIS,"ROUTE de Tours D751 ,  37500  CHINON, ST BENOIT LA FORET",,0.293476581573486,47.18716370294,Sur place,Adulte et adolescent (à partir de 11ans),lundi : 8h15 - 16h15 | mardi : accueil téléphonique uniquement | mercredi : 8h15 - 12h15 | jeudi : accueil téléphonique uniquement | vendredi : 8h15 - 16h15 | Fermeture les jours fériés,,Sur rendez-vous uniquement,02 47 93 75 19,,2020-10-07
SwkaGkwV46Vn5A8r,370012890,370011819,LBM L'ABO+ TOURS ORIGET,6 AV DE GRAMMONT 37000 TOURS,SANS RDV A compter du 19/09/2020,0.689771973190451,47.3885049792023,Sur place,,lundi : fermé | mardi : fermé | mercredi : fermé | jeudi : fermé | vendredi : fermé | samedi : 14h00-19h00 | dimanche : fermé,,Sans rendez-vous,0254075757 0247050547,https://arnaud-origet.fr/depistage-covid-19-par-pcr/,2020-10-07
XKa7Mnbh80hgWvgD,370012890,370012486,LBM L'ABO+ TOURS RABELAIS,40 PL RABELAIS 37000 TOURS,,0.676693522815284,47.3844699121879,Sur place,,lundi : 11h30-13h00 | mardi : 11h30-13h00 | mercredi : 11h30-13h00 | jeudi : 11h30-13h00 | vendredi : 11h30-13h00 | samedi : fermé | dimanche : fermé,,Sur rendez-vous uniquement,0254075757 0247379237,https://arnaud-origet.fr/depistage-covid-19-par-pcr/,2020-10-07
fYTOf7YjxZYY2sz9,370012890,370012833,LBM L'ABO+ LANGEAIS,78 Rue Anne de Bretagne 37130 Langeais,,0.403675,47.322772,Sur place,,lundi : 13h30-14h30 | mardi : 13h30-14h30 | mercredi : 13h30-14h30 | jeudi : 13h30-14h30 | vendredi : 13h30-14h30 | samedi : fermé | dimanche : fermé,,Sans rendez-vous,0254075757,https://arnaud-origet.fr/depistage-covid-19-par-pcr/,2020-10-07
vjWgpHL7WsWT32vi,390006781,390006823,MEDILYS - CHAMPAGNOLE,50 Avenue de la Republique 39300 Champagnole,Uniquement prélèvement pré-opératoire,5.909411,46.744409,En étab. santé,Patients ayant été atteints par le COVID-19,,,Sur rendez-vous uniquement,03 84 52 57 65,https://www.medilys.fr/laboratoire-medilys-champagnole/,2020-09-24
EBoMlV7PjkWslYQS,410008262,180009151,LBM BIO MEDI QUAL CENTRE BOURGES,110 AV FRANCOIS MITTERAND 18000 BOURGES,DRIVE,2.43682054080446,47.0835302258496,Drive/Sur place,Personnel soignant/Malades chroniques (ALD)/Femmes enceintes/Personnes en situation de handicap/Patients ayant été atteints par le COVID-19/Militaires,lundi : 11h00 - 12h00 | mardi :11h00 - 12h00 | mercredi : 11h00 - 12h00 | jeudi : 11h00 - 12h00 | vendredi : 11h00 - 12h00 | samedi : 11h00 - 12h00 | dimanche : fermé,,Sur rendez-vous uniquement,0248751617,,2020-10-06
Uvr8W7tyLVevtShQ,410008262,180009243,LBM BIO MEDI QUAL CENTRE VIERZON,82 R DU 8 MAI 1945 18100 VIERZON,au laboratoire,2.08072731355023,47.2310239078675,Drive/Sur place,Personnel soignant/Malades chroniques (ALD)/Femmes enceintes/Personnes en situation de handicap/Patients ayant été atteints par le COVID-19/Militaires,lundi : 11h00-12h00 et 14h00-15h15 | mardi : 11h00-12h00 et 14h00-15h15 | mercredi : 11h00-12h00 et 14h00-15h15 | jeudi : 11h00-12h00 et 14h00-15h15 | vendredi : 11h00-12h00 et 14h00-15h15 | samedi : fermé | dimanche : fermé,,Sur rendez-vous uniquement,0248751617,,2020-10-06
1oR95pR2WKQ1f2L6,410008262,360006274,LBM BIO MEDI QUAL CENTRE ISSOUDUN,ZAC LES COINCHETTES 36100 ISSOUDUN,DRIVE,2.01349318099267,46.9548467258407,Drive/Sur place,Personnel soignant/Malades chroniques (ALD)/Femmes enceintes/Personnes en situation de handicap/Patients ayant été atteints par le COVID-19/Militaires,lundi : 10h00-12h00 et 14h00-16h00 | mardi : 10h00-12h00 et 14h00-16h00 | mercredi : 10h00-12h00 et 14h00-16h00 | jeudi : 10h00-12h00 et 14h00-16h00 | vendredi : 10h00-12h00 et 14h00-16h00 | samedi : 10h00-12h00 | dimanche : fermé,,Sur rendez-vous uniquement,0254210878,,2020-10-06
WXOvi2TPZKxj6Fyi,410008262,360006498,LBM BIO MEDI QUAL CENTRE BUZANCAIS,2 PL AUX LEGUMES 36500 BUZANCAIS,DRIVE,1.42199191404584,46.8893076397646,Drive/Sur place,Personnel soignant/Malades chroniques (ALD)/Femmes enceintes/Personnes en situation de handicap/Patients ayant été atteints par le COVID-19/Militaires,lundi : 10h00-12h00 et 14h00-15h00 | mardi : 10h00-12h00 et 14h00-15h00 | mercredi : 10h00-12h00 et 14h00-15h00 | jeudi : 10h00-12h00 et 14h00-15h00 | vendredi : 10h00-12h00 et 14h00-15h00 | samedi : 10h00-12h00 | dimanche : fermé,,Sur rendez-vous uniquement,0254021111,,2020-10-06
GP3rAucDKlQlOFQX,410008262,360006514,LBM BIO MEDI QUAL CENTRE CHATEAUROUX,3 R ALBERT 1ER 36000 CHATEAUROUX,DRIVE,1.69768586875193,46.810996758079,Drive/Sur place,Personnel soignant/Malades chroniques (ALD)/Femmes enceintes/Personnes en situation de handicap/Patients ayant été atteints par le COVID-19/Militaires,lundi : 14h30-17h00 | mardi : 14h30-17h00 | mercredi : 14h30-17h00 | jeudi : 14h30-17h00 | vendredi :14h30-17h00 | samedi : fermé | dimanche : fermé,,Sur rendez-vous uniquement,0254606700,,2020-10-06
vz8xZrqwmHHZ21w4,410008262,410008270,LBM BIO MEDI QUAL CENTRE ROMORANTIN,11 R DES LIMOUSINS 41200 ROMORANTIN LANTHENAY,Prélèvements au laboratoire,1.74125872587633,47.3613402902348,Sur place,selon recommandations,lundi : 11h00-12h00  | mardi : 11h00-12h00  | mercredi : 11h00-12h00 | jeudi : 11h00-12h00  | vendredi : 11h00-12h00  | samedi : fermé | dimanche : fermé,,Sur rendez-vous uniquement,0254945656,,2020-10-06
Yz5TaKZbQIWvYJlE,410008262,410008478,LBM BIO MEDI QUAL CENTRE SAINT AIGNAN,9 AV DU BLANC 41110 ST AIGNAN,DRIVE,1.36184807675169,47.2632153658668,Drive/Sur place,Personnel soignant/Malades chroniques (ALD)/Femmes enceintes/Personnes en situation de handicap/Patients ayant été atteints par le COVID-19/Militaires,lundi : 13h30 à 14h30 | mardi :  13h30 à 14h30 | mercredi : 13h30 à 14h30 | jeudi :  13h30 à 14h30 | vendredi :  13h30 à 14h30 | samedi : fermé | dimanche : fermé,,Sur rendez-vous uniquement,0254750338,,2020-10-06
Wka9gjYxKnqBjsPz,420012932,420012965,LBM CERBALLIANCE LOIRE ST ETIENNE LA P,39 AV DE LA PALLE 42000 ST ETIENNE,équipe mobile,4.41721793579028,45.4279041665466,En étab. santé,,,,Sur rendez-vous uniquement,0477495900,,2020-09-24
jtXjqPDnmhFBpHM1,440005114,440049377,LBM BIOLIANCE  SITE REZE,2 AV LOUISE MICHEL 44400 REZE,Patients SANS SYMPTOMES pour dépistage préopératoire uniquement (sur ordonnance),-1.54817077032996,47.1881236524654,Sur place,,lundi : 11h00-11h30 | mardi : 11h00-11h30 | mercredi : 11h00-11h30 | jeudi : 11h00-11h30 | vendredi : 11h00-11h30 | samedi : non | dimanche : fermé, ,Sur rendez-vous uniquement,0240328900,https://www.bioliance.fr/ou-faire-le-test/,2020-09-28
UsARujW0euLKyKDX,440005114,440049419,LBM BIOLIANCE  SITE ST HERBLAIN,AV CLAUDE BERNARD 44800 ST HERBLAIN,Patients SANS SYMPTOMES pour dépistage préopératoire uniquement (sur ordonnance) ;  Accès Boulevard Charles Gautier,-1.61295619425623,47.2268292638032,Sur place/En étab. santé,,lundi : 07h30-18h30 | mardi : 07h30-18h30 | mercredi : 07h30-18h30 | jeudi : 07h30-18h30 | vendredi : 07h30-18h30 | samedi : 07h30-12h00 | dimanche : non,,Sans rendez-vous,0253557120,https://www.bioliance.fr/ou-faire-le-test/,2020-09-28
fQFXP5yuEfcRM0LD,440005114,440049484,LBM BIOLIANCE  SITE COUERON,2 R DES ARDILLETS 44220 COUERON,Patients SANS SYMPTOMES pour dépistage préopératoire uniquement (sur ordonnance),-1.71951778712181,47.2131241741841,Sur place,,lundi : 8h00-12h00 et 14h00-18h00 | mardi : 8h00-12h00 et 14h00-18h00 | mercredi : 8h00-12h00 et 14h00-18h00 | jeudi : 8h00-12h00 et 14h00-18h00 | vendredi : 8h00-12h00 et 14h00-18h00 | samedi : 8h00-12h00 | dimanche : fermé,,Sur rendez-vous uniquement,0240853190,https://www.bioliance.fr/ou-faire-le-test/,2020-09-28
qWgaDVw1hyR3aKfp,440005114,440049500,LBM BIOLIANCE  SITE ST PHILBERT DE GRAND LIEU,10 R DE PLAISANCE 44310 ST PHILBERT DE GRAND LIEU,Patients SANS SYMPTOMES pour dépistage préopératoire uniquement (sur ordonnance),-1.63818956788894,47.0344053406216,Sur place,,lundi : 11h00-11h30 | mardi : 11h00-11h30 | mercredi : 11h00-11h30 | jeudi : 11h00-11h30 | vendredi : 11h00-11h30 | samedi : non | dimanche : fermé,,Sur rendez-vous uniquement,0240787986,https://www.bioliance.fr/ou-faire-le-test/,2020-09-28
yaWQkG50Mn9UJIQi,440005114,440049518,LBM BIOLIANCE  SITE STE LUCE SUR LOIRE,7 PL ROBERT SCHUMAN 44980 STE LUCE SUR LOIRE,Patients SANS SYMPTOMES pour dépistage préopératoire uniquement (sur ordonnance),-1.48855351554395,47.2498690942922,Sur place,,lundi : 10h00-12h00 et 15h00-16h30 | mardi : 10h00-12h00 et 15h00-16h30 | mercredi : 10h00-12h00 et 15h00-16h30 | jeudi : 10h00-12h00 et 15h00-16h30 | vendredi : 10h00-12h00 et 15h00-16h30 | samedi : non | dimanche : fermé,,Sur rendez-vous uniquement,0240257172,https://www.bioliance.fr/ou-faire-le-test/,2020-09-28
wei0MqdMPxyPImtC,440005114,440049526,LBM BIOLIANCE  SITE NANTES,76 R BELLAMY 44000 NANTES,Patients SANS SYMPTOMES pour dépistage préopératoire uniquement (sur ordonnance),-1.55901518838745,47.22523869402,Sur place,,lundi : 15h30-16h00 | mardi : 15h30-16h00 | mercredi : 15h30-16h00 | jeudi : 15h30-16h00 | vendredi : 15h30-16h00 | samedi : non | dimanche : fermé,,Sur rendez-vous uniquement,0251860786,https://www.bioliance.fr/ou-faire-le-test/,2020-09-28
FhTNM7Eul1AsPnwL,440005114,440051530,LBM BIOLIANCE  SITE ST HERBLAIN,177 RTE DE VANNES 44800 ST HERBLAIN,Patients SANS SYMPTOMES pour dépistage préopératoire uniquement (sur ordonnance),-1.58988952231064,47.2393763052097,Sur place,,lundi : 9h00-10h00 | mardi : 9h00-10h00 | mercredi : 9h00-10h00 | jeudi : 9h00-10h00 | vendredi : 9h00-10h00 | samedi : non | dimanche : fermé,,Sur rendez-vous uniquement,0240760254,https://www.bioliance.fr/ou-faire-le-test/,2020-09-28
I0AMtvu4Zb6C7N4l,440005114,440051548,LBM BIOLIANCE  SITE NANTES,6 R DES RENARDS 44000 NANTES,Laboratoire des Renards dédié au dépistage Covid sur RDV.  Attention le laboratoire PRIORISE les RDV et est susceptible d'annuler les rdv si vous n'êtes pas dans un des cas suivants : bilan préopératoire ou patient symptomatique avec prescription médicale ; Cas contact sur justificatif de l'assurance maladie ; Personnel médical sur justificatif de ce statut.,-1.56387433104861,47.2540354825947,Sur place,,lundi : 8h00-12h00  | mardi : 8h00-12h00  | mercredi : 8h00-12h00 | jeudi : 8h00-12h00  | vendredi : 8h00-12h00  | samedi : 8h00-12h00 | dimanche : fermé,,Sur rendez-vous uniquement,0240590707,https://www.bioliance.fr/ou-faire-le-test/,2020-09-28
2T7bs9hWkA3iMh0j,450000104,450000062,CH AGGLOMERATION MONTARGOISE,658 R DES BOURGOINS 45200 AMILLY,,2.77028527653943,47.9975422421776,Sur place,Patients ayant été atteints par le COVID-19,lundi : 9h00-17h00 | mardi : 9h00-17h00 | mercredi : 9h00-17h00 | jeudi : 9h00-17h00 | vendredi : 9h00-17h00 | samedi : fermé | dimanche : fermé,,Sur rendez-vous uniquement,0238959022 ou 0238959085,,2020-09-25
wc4WyBtKXOGfGmVN,540023264,540002698,CHRU NANCY - HOPITAUX DE BRABOIS - HOPITAL D'ENFANTS,Rue du Morvan 54500 Vandœuvre-lès-Nancy,,6.149623,48.649782,Sur place,Enfants,Lundi au vendredi : 8h30-18h00 | Samedi : 8h30-16h00 | Dimanche JF : se présenter aux urgences pédiatriques,,,,,2020-09-29
t8WcH4woXiku3cyQ,590050027,590049581,LABORATOIRE SECONDAIRE BIOTOP DENAIN,91 Rue du Maréchal Leclerc 59220 Denain,service d accueil,3.398026,50.328828,Sur place,,lundi : 8h00-12h00 et 14h00-18h00 | mardi : 8h00-12h00 et 14h00-18h00 | mercredi : 8h00-12h00 et 14h00-18h00 | jeudi : 8h00-12h00 et 14h00-18h00 | vendredi : 8h00-12h00 et 14h00-18h00 | samedi : 8h00-12h00 | dimanche : fermé,,Sur rendez-vous uniquement,0327443111,,2020-09-24
cmmJChKiLjvh597G,590050027,590049599,LABORATOIRE SECONDAIRE BIOTOP ROEULX,1 R JEAN-BAPTISTE LEBAS 59172 ROEULX,service d'accueil,3.34461596595945,50.3125211607349,Sur place,,lundi : 8h00-12h00 et 14h00-18h00 | mardi : 8h00-12h00 et 14h00-18h00 | mercredi : 8h00-12h00 et 14h00-18h00 | jeudi : 8h00-12h00 et 14h00-18h00 | vendredi : 8h00-12h00 et 14h00-18h00 | samedi : 8h00-12h00 | dimanche : fermé,,Sur rendez-vous uniquement,0327442406,,2020-09-24
8lHvobzFPDGJsq4N,590050027,590050035,LABORATOIRE PRINCIPAL BIOTOP HZBK,6 R DE RUBECQUE 59190 HAZEBROUCK,drive,2.53766992922217,50.7219669177903,Sur place,,lundi : 8h00-12h00 et 14h00-19h00 | mardi : 8h00-12h00 et 14h00-19h00 | mercredi : 8h00-12h00 et 14h00-19h00 | jeudi : 8h00-12h00 et 14h00-19h00 | vendredi : 8h00-12h00 et 14h00-19h00 | samedi : 8h00-12h00 | dimanche : fermé,,Sur rendez-vous uniquement,0328509191,doctolib,2020-09-24
CyfsyI5gmH9cPU9F,590050027,590050043,LABORATOIRE SECONDAIRE BIOTOP PECQUENC,30 R GUSTAVE COLLIEZ 59146 PECQUENCOURT,service d accueil,3.21290445784298,50.3772513368965,Sur place,,lundi : 8h00-12h00 et 14h00-19h00 | mardi : 8h00-12h00 et 14h00-19h00 | mercredi : 8h00-12h00 et 14h00-19h00 | jeudi : 8h00-12h00 et 14h00-19h00 | vendredi : 8h00-12h00 et 14h00-19h00 | samedi : 8h00-12h00 | dimanche : fermé,,Sur rendez-vous uniquement,0327902799,,2020-09-24
1LXAhIaBQUd8ZE00,590050027,590050050,LABORATOIRE SECONDAIRE BIOTOP DOUAI,514 R DE PARIS 59500 DOUAI,drive,3.07868242122285,50.3637135013025,Sur place,,lundi : 8h00-12h00 et 14h00-19h00 | mardi : 8h00-12h00 et 14h00-19h00 | mercredi : 8h00-12h00 et 14h00-19h00 | jeudi : 8h00-12h00 et 14h00-19h00 | vendredi : 8h00-12h00 et 14h00-19h00 | samedi : 8h00-12h00 | dimanche : fermé,,Sur rendez-vous uniquement,0327879813,doctolib,2020-09-24
i2Eo9DfELC3MggaF,590050027,590050068,LABORATOIRE SECONDAIRE BIOTOP LA MADEL,207 Rue du General de Gaulle 59110 La Madeleine,service d'accueil,3.073663,50.657015,Sur place,,lundi : 8h00-12h00 et 14h00-19h00 | mardi : 8h00-12h00 et 14h00-19h00 | mercredi : 8h00-12h00 et 14h00-19h00 | jeudi : 8h00-12h00 et 14h00-19h00 | vendredi : 8h00-12h00 et 14h00-19h00 | samedi : 8h00-12h00 | dimanche : fermé,,Sur rendez-vous uniquement,0320128750,Doctolib,2020-09-24
MKVET2msWUZ77B5V,590050027,590050076,LABORATOIRE SECONDAIRE BIOTOP STEENVOO,PL SAINT-PIERRE 59114 STEENVOORDE,service d accueil,2.58329487340273,50.8108008192602,Sur place,,lundi : 8h00-12h00 et 14h00-19h00 | mardi : 8h00-12h00 et 14h00-19h00 | mercredi : 8h00-12h00 et 14h00-19h00 | jeudi : 8h00-12h00 et 14h00-19h00 | vendredi : 8h00-12h00 et 14h00-19h00 | samedi : 8h00-12h00 | dimanche : fermé,,Sur rendez-vous uniquement,0328429752,,2020-09-24
8CaDkRXzT5cACxhO,590050027,590050084,LABORATOIRE SECONDAIRE BIOTOP RUE WARE,Boulevard de l'Abbé Lemire 59190 Hazebrouck,service d accueil,2.534201,50.724092,Sur place,,lundi : 8h00-12h00 et 14h00-19h00 | mardi : 8h00-12h00 et 14h00-19h00 | mercredi : 8h00-12h00 et 14h00-19h00 | jeudi : 8h00-12h00 et 14h00-19h00 | vendredi : 8h00-12h00 et 14h00-19h00 | samedi : 8h00-12h00 | dimanche : fermé,,Sur rendez-vous uniquement,0328419800,,2020-09-24
D5VfNjNwKoxGYRN8,590050027,590056529,LABORATOIRE SECONDAIRE BIOTOP SIN LE N,PL JEAN JAURES 59450 SIN LE NOBLE,service d accueil,3.11431781227789,50.3650152471196,Sur place,,lundi : 8h00-12h00 et 14h00-19h00 | mardi : 8h00-12h00 et 14h00-19h00 | mercredi : 8h00-12h00 et 14h00-19h00 | jeudi : 8h00-12h00 et 14h00-19h00 | vendredi : 8h00-12h00 et 14h00-19h00 | samedi : 8h00-12h00 | dimanche : fermé,,Sur rendez-vous uniquement,0327918282,,2020-09-24
4umuRYsI5GvfkcZO,590051850,590051900,LABORATOIRE SECONDAIRE DIAGNOVIE ARMEN,7 R DE L'INDUSTRIE 59280 ARMENTIERES,,2.87707662719919,50.6903582695162,Drive de Wez Macquart La chapelle d'Armentières,Patients asymptomatiques/bilan pré-opératoire/voyages,,,,0320890749,,2020-10-09
3UDzRrH6z9GvVGa1,590051850,590053187,LABORATOIRE SECONDAIRE DIAGNOVIE SADI,76 R SADI CARNOT 59280 ARMENTIERES,,2.87528737861031,50.6850100402679,Drive rue Paul Bert Armentières sur RDV/Salle de fêtes place de la République Houplines sans RDV (lundi et jeudi 12h-15h),Patient symptomatique/contact uniquement,lundi : 13h30-15h | mardi : 13h30-15h | mercredi : 13h30-15h | jeudi : 13h30-15h | vendredi : 13h30-15h | samedi :  | dimanche : fermé,,Sur rendez-vous uniquement,0320890749,,2020-10-09
fOEBbcRCv2UDxrXP,620103440,620000653,CH BOULOGNE-SUR-MER,R JACQUES MONOD 62321 BOULOGNE SUR MER CEDEX,,1.63089593768826,50.7224667318559,Sur place,Personnel soignant/Patients symptomatiques (urgences et hospi),,,,0321993333,,2020-09-24
Gh5NSvMs1m5qIuQ8,630781110,630000479,CENTRE LUTTE CONTRE LE CANCER J.PERRIN,58 R MONTALEMBERT 63011 CLERMONT FERRAND CEDEX 1,LBM,3.09444567878183,45.7570334327527,Sur place,Patients/Personnels de l'établissement,Pas d'accès au public |,,,Pas d'accès au public,,2020-09-24
oZ81m7zK75g8gzwB,640015228,640015269,LBM SEALAB-MARNE,68 AV DE LA MARNE 64200 BIARRITZ,,-1.54540877688208,43.4827196124379,Sur place,Patients asymptomatiques,Sur rendez-vous uniquement,,Sur rendez-vous uniquement,0559223750,,2020-09-24
H79bZJQn4fkzWq8P,640015228,640015459,LBM SEALAB-11 NOVEMBRE,11 AV 11 NOVEMBRE 64100 BAYONNE,,-1.47486588814476,43.4929297498912,Sur place,Patients asymptomatiques,Sur rendez-vous uniquement,,Sur rendez-vous uniquement,0559592888,,2020-09-24
M5xofZxl7isfuWkH,640015228,640015533,LBM SEALAB-ELISSAGARAY,6 R RENAUD D'ELISSAGARAY 64500 ST JEAN DE LUZ,,-1.66308094249511,43.3880310128809,En EHPAD/En étab. santé,Cas contacts liste CPAM/Patients asymptomatiques,Sur rendez-vous uniquement,,,0559516580,,2020-09-24
LLn5HyqwDUfSWB0C,640015590,DRIVE,DRIVE BIOPYRENEES « HAUTE CAPACITÉ » ZÉNITH DE PAU,Rue Suzanne Bacarisse 64000 Pau,SANS ORDONNANCE et SANS RENDEZ VOUS,-0.365359783172607,43.3348003846823,Drive/Accès voitures et piétons,SANS ORDONNANCE,Lundi au Vendredi 08h00 à 12h30 | Samedi de 09h00 à 11h00 si urgence |  | Fermé DIMANCHE et JOURS FÉRIÉS,,Sans rendez-vous,0559275131,,2020-09-24
Qf8nDKDyUD9NPUcc,640780417,640000162,CH DE LA COTE BASQUE - BAYONNE,13 AV DE L'INTERNE JACQUES LOEB 64109 BAYONNE CEDEX,,-1.48231413078151,43.4822956540914,Sur place,Personnel soignant,,,Sur rendez-vous uniquement,05 33 78 80 16.,secr.covidom@ch-cotebasque.fr,2020-09-24
8tbtw5IJVWbeotgU,640781290,640000600,CENTRE HOSPITALIER DE PAU,4 BD HAUTERIVE 64046 PAU CEDEX,,-0.35672185791546,43.3255153471604,Sur place,Personnel soignant/Femmes enceintes/Malades chroniques (ALD),,,,0559726942,,2020-09-24
YUcWzCHnksiKXUoc,670015478,AUTRE,LBM POTERIES  BIO67,11 Avenue François Mitterrand 67200 Strasbourg,cabinet infirmier à côté du laboratoire,7.696869,48.586702,cabinet infirmier,pas les enfants de moins de 6 ans,,,Sur rendez-vous uniquement,0388350035,www.doctolib.fr,2020-10-06
sfAVvzIfckKchyGT,670015478,670015577,LBM ASSIA PREMIUM BIO67,19 Rue du Fossé des Treize 67000 Strasbourg,,7.746673,48.58822,Sur place,Patients asymptomatiques (avant voyage ou intervention...),,,,0388241006,,2020-10-06
n6tjtKn5faaJo5qL,670015478,670015601,LBM DU CENTRE  SITE SCHILTIGHEIM,138 RTE DE BISCHWILLER 67300 SCHILTIGHEIM,"En extérieur, à l'arrière du laboratoire",7.74989744946449,48.6077847267939,Sur place,Patients asymptomatiques (avant voyage ou intervention...),,,RDV sur doctolib,0388831961,,2020-10-06
y4mHaUXwMcAjCNXw,670015478,670015635,LBM D'OSTWALD BIO67,88 R DU GENERAL LECLERC 67540 OSTWALD,"En extérieur, à l'arrière du laboratoire.",7.71235532714068,48.5527065755909,Sur place,Patients asymptomatiques (avant voyage ou intervention...),lundi : 7h00-11h00 | mardi : 7h00-11h00 | jeudi : 7h00-11h00 | vendredi : 7h00-11h00 |,"De 7h à 11h uniquement les lundis, mardis, jeudis et vendredis",Sans rendez-vous,0388295868,,2020-10-06
SwboOQQcFgy3M3nd,670015478,670015676,LBM DE LA MEINAU BIO67,12 PL DE L'ILE DE FRANCE 67000 STRASBOURG,,7.75156862337964,48.5505840626191,Sur place,Patients asymptomatiques (avant voyage ou intervention...),,,,0388791728,,2020-10-06
ikVTMVQ1proakxG5,670015478,670017326,LABM D'OBERHAUSBERGEN BIO67,69 RTE DE SAVERNE 67205 OBERHAUSBERGEN,Salle dédiée,7.68594717034266,48.6053637323592,Sur place,Patients asymptomatiques (avant voyage ou intervention...),,,Sur rendez-vous uniquement,0355560610,doctolib.fr,2020-10-06
Nu2M54NmLYbcVKG9,670015478,670018480,LBM DE LA ROTONDE BIO67,18 Rue Geneviève Anthonioz 67200 Strasbourg,,7.72540539457455,48.5915857134759,Sur place,pas les enfants de moins de 6 ans/Patients asymptomatiques (avant voyage ou intervention...),,,Sur rendez-vous uniquement,,doctolib.fr,2020-10-06
x4UIUUlrZZjsazGZ,690035035,380020065,LBM CERBALLIANCE RHONE ALPES LES ABRET,38 R GAMBETTA 38490 LES ABRETS EN DAUPHINE,,5.58608193476711,45.535779850272,Sur place,,lundi : 12h30-13h30 | mardi : 12h30-13h30 | mercredi : 12h30-13h30 | jeudi : 12h30-13h30 | vendredi : 12h30-13h30 |,,Sur rendez-vous uniquement,0476322219,,2020-10-07
zo90hBH79CYHxrJ3,690782222,690000575,CH NORD OUEST - VILLEFRANCHE,PLT D'OUILLY 69400 GLEIZE,,4.69082439617806,46.0055876388591,Sur place,Personnel soignant,lundi : 8h00-12h00  | mercredi : 8h00-12h00  | vendredi : 8h00-12h00  |  | Les horaires évoluent selon les demandes et les  besoins vus en cellule de crise HNOV |,,Sur rendez-vous uniquement,0474096810,,2020-09-24
rtJGVStcOfdRE1TD,720018662,720019017,LBM LABORIZON MAINE ANJOU GAMBETTA LE,9 PL GAMBETTA 72000 LE MANS,LABO GAMBETTA,0.189420978917326,48.0072754812489,Sur place,sujets contacts Asymptomatiques,sur rendez-vous,,Sur rendez-vous uniquement,02 43 94 71 50,http://www.laborizon-maine-anjou.fr/wp/covambu-72/,2020-10-09
NgB8LnSBW477RfTa,740016365,740015086,GCS GHT LEMAN MONT-BLANC - SALLANCHES,380 R DE L'HOPITAL 74703 SALLANCHES CEDEX,"depuis 1er Aout 2020 : analyses réservées aux patients des urgences, professionnels santé, situation à risque épidémique en collectivité, bilans pré opératoires du CH de Sallanches et éventuellement contact tracing.",6.64275202313272,45.9355295765007,Sur place,Personnel soignant,Uniquement sur RDV et pour : | - professionel de santé | - Bilan préopératoire du CH sallanches | - agent ou personnel de collectivité avec signes cliniques et risque épidémique dans l'établissement | lundi :  10h00-16h00 | mardi :  10h00-16h00 | mercredi :10h00-16h00 | jeudi :  10h00-16h00 | vendredi :  10h00-16h00 | samedi : SUR DEMANDE TRACING APPEL BIO D ASTREINTE | dimanche : SUR DEMANDE TRACING APPEL BIO D ASTREINTE,,"Sur rendez vous et réservés au bilan pré-opératoire de l'hopital, professionel de santé et personnes dans une situation à risque épidémiques dans une collectivité (établissement) et voire contact tracing selon situation.",,,2020-09-28
xp5OcXjdXEKQAY4r,750034639,750034779,LABM DE LA BIBLIOTHÈQUE,58 R DU CHEVALERET 75013 PARIS,Sortie Chevaleret station RER C ligne 14 Station Bibliotheque Francois Mitterrand,2.37593183567283,48.8295631201364,Sur place/A domicile,prélèvement à domicile ou au laboratoire,lundi : 8h00-17h00  | mardi : 8h00-17h00  | mercredi : 8h00-17h00 | jeudi : 8h00-17h00 | vendredi : 8h00-17h00 | samedi : 8h00-12h30 | dimanche : fermé,,sur rendez vous et plage horaire en sans rendez vous,0144244040,www.labodelabibliotheque.fr,2020-09-24
RCOlRHFjjJDGNdR7,750712184,940019144,HU PARIS SUD SITE KREMLIN BICETRE APHP (pédiatrie),78 Rue du Général Leclerc 94270 Le Kremlin-Bicêtre,"Policlinique pédiatrie, Batiment Alagille, porte 7, Box M",2.357902,48.810048,Sur place,Enfants jusqu'à 15 ans,lundi : 13h30-15h30 | mardi : 13h30-15h30 | mercredi : 13h30-15h30 | jeudi : 13h30-15h30 | vendredi : 13h30-15h30 | samedi : fermé | dimanche : fermé |,,Sur rendez-vous uniquement,0145213132 0145213717,,2020-10-06
HJTEkgUqYP01PNz9,750712184,750058745,USLD EST PARISIEN SITE ROTHSCHILD APHP,5 R SANTERRE 75571 PARIS CEDEX 12,,2.39799638919864,48.8428339067605,Sur place,,,,,,,2020-10-06
tdyMuft2d8WQObw4,750712184,750100018,HU PARIS CENTRE SITE HOTEL DIEU APHP,1 PL DU PARVIS DE NOTRE DAME 75181 PARIS CEDEX 04,,2.35161351606697,48.8527758385958,Sur place,,,,,0142348078,,2020-10-06
Qx7jdsq2JE7W9Is5,750712184,750100075,HU SAINT LOUIS SITE SAINT LOUIS APHP,1 AV CLAUDE VELLEFAUX 75475 PARIS CEDEX 10,,2.36974621795578,48.8728111911351,Sur place,,,,,0142385010,,2020-10-06
8cadSK0yrrl9B8l8,750712184,750100091,HU EST PARISIEN SITE ST ANTOINE APHP,184 R DU FAUBOURG SAINT ANTOINE 75571 PARIS CEDEX 12,,2.3827677512857,48.8502479430417,Sur place,,,,,0149282084,,2020-10-06
Z4kIOcyqIZoIdwWO,750712184,750100125,HU PITIE SALPETRIERE APHP,47 BD DE L HOPITAL 75651 PARIS CEDEX 13,,2.36319469988341,48.8401867621783,Sur place,,,,,0142176006,,2020-10-06
FKCyh0vR9EejkKZa,750712184,750100166,HU PARIS CENTRE SITE COCHIN APHP,27 R DU FAUBOURG SAINT JACQUES 75679 PARIS CEDEX 14,,2.33871953961247,48.8372218590234,Sur place,,,,,0158411005,,2020-10-06
bak6n7lgZwXjxg77,750712184,750100208,HU NECKER ENFANTS MALADES APHP,149 R DE SEVRES 75743 PARIS CEDEX 15,,2.31446434051903,48.8461221457586,Sur place,,,,,0144494115,,2020-10-06
xRvpyyICUDiDt25O,750712184,750100232,HU PARIS NORD SITE BICHAT APHP,46 R HENRI HUCHARD 75877 PARIS CEDEX 18,,2.33083491997901,48.8991104199906,Sur place,,,,,0140258305,,2020-10-06
VtobcDrxIZ1sE7Yi,750712184,750100273,HU EST PARISIEN SITE TENON APHP,4 R DE LA CHINE 75970 PARIS CEDEX 20,,2.40075810973818,48.8657227059205,Sur place,,,,,0156016490,,2020-10-06
bJzglnPK86Ufy9j1,750712184,750803447,HU PARIS OUEST SITE G POMPIDOU APHP,20 R LEBLANC 75908 PARIS CEDEX 15,,2.2754404244023,48.8393519478371,Sur place,,lundi : 8h30-12h00 et 14h00-17h00 | mardi : 8h00-12h00 et 14h00-17h00 | mercredi : 8h00-12h00 et 14h00-17h00 | jeudi : 8h00-12h00 et 14h00-17h00 | vendredi : 8h00-12h00 et 14h00-17h00 | samedi : femé | dimanche : fermé,,,0156092119,,2020-10-06
AuwatWOLvXZOzctB,750712184,920100013,HU OUEST SITE AMBROISE PARE APHP,9 AV CHARLES DE GAULLE 92104 BOULOGNE BILLANCOURT CEDEX,,2.23710920111641,48.849043603058,Sur place,,,,,0149095799,,2020-10-06
WyIFOdayN8ikoKZf,750712184,940100035,HU PITIE SALPETRIERE- CHARLE FOIX APHP,7 AV DE LA REPUBLIQUE 94206 IVRY SUR SEINE CEDEX,,2.39574560053996,48.803918339069,Sur place,,,,,0149594147,,2020-10-06
jCCwxxocvtbBhJkq,750712184,940100043,HU PARIS SUD SITE KREMLIN BICETRE APHP (adultes),78 AV DU GENERAL LECLERC 94275 LE KREMLIN BICETRE CEDEX,Bâtiment Françoise BARRE-SINOUSSI Secteur orange porte 39,2.35794972572017,48.8099378922519,Sur place,Adultes uniquement,lundi au vendredi de 9h00 à 16h30 | fermé samedi dimanche et jour férié,,Sur rendez-vous uniquement,0145217312,,2020-10-06
dKGL5AtCwhnGw3Wf,750712184,940100068,HOPITAL PAUL BROUSSE APHP,12 AV PAUL VAILLANT COUTURIER 94804 VILLEJUIF CEDEX,"Bâtiment Leriche, Secteur jaune, Porte 46",2.36371854158402,48.7948202487473,Sur place,personnels soignant prioritaires/patients symptomatiques sur ordonnance/Bilan préopératoire sur ordonnance/cas contact avec justificatif,lundi : 13h30-16h30 | mardi : 13h30-16h30 | mercredi : 13h30-16h30 | jeudi : 13h30-16h30 | vendredi : fermé | samedi : fermé | dimanche : fermé,,Sur RDV uniquement,01 45 59 32 05,,2020-10-06
7j3IshkifCGcOpST,750810814,920120011,HIA PERCY,101 Avenue Henri Barbusse 92140 Clamart,Service d'Accueil des Urgences et chaine de prélèvement,2.257654,48.813489,Sur place,Patients âgés de plus de 15 ans/civils ou militaires,Du lundi au vendredi de 9h à 17h | Samedi de 9h à 12h,,"Sur rendez-vous uniquement pour les dépistages, sujets contact, voyage, pré-opératoire, soignants.",0141467441,,2020-10-07
QMVh9JG8UCLmLwCU,750810814,330781303,HIA ROBERT PICQUE,351 RTE DE TOULOUSE 33882 VILLENAVE D ORNON CEDEX,Non accessible au grand public,-0.569843819922378,44.7994160825316,En étab. santé,Militaires,,,,0556041790,,2020-10-07
bJKBcBGr8gSWywx0,750810814,920120011,HIA PERCY,5 Rue du Lieutenant Raoul Batany 92140 Clamart,Service d'Accueil des Urgences et chaine de prélèvement,2.25438,48.815592,Sur place,Patients âgés de plus de 15 ans/civils ou militaires,Du lundi au vendredi de 9h à 17h | Samedi de 9h à 12h,,"Sur rendez-vous uniquement pour les dépistages, sujets contact, voyage, pré-opératoire, soignants.",0141467441,,2020-10-07
zmVFlKwVUe8kqqeB,780001236,780000337,CHI POISSY ST GERMAIN SITE ST GERMAIN,Rue d'Ourches 78100 Saint-Germain-en-Laye,"Service CCUA (Centre Consultation Urgence Adultes), Centre de prélèvement COVID, 4 rue d'Ourches, 78 100 Saint Germain en Laye",2.084904,48.897119,Sur place,Cas contacts liste CPAM/Patients Symptomatiques,lundi : 9h00-16h30 | mardi : 9h00-16h30 | mercredi : 9h00-16h30 | jeudi : 9h00-16h30 | vendredi : 9h00-16h30 | samedi : fermé | dimanche : fermé |  | A partir du 15/09/2020,,Oui,0139274597,,2020-09-24
CHIMltWcn1jGGymQ,780110011,780000287,CH FRANCOIS QUESNAY MANTES,2 BD SULLY 78201 MANTES LA JOLIE CEDEX,centre de prélèvement COVID,1.67648596665754,48.9980475862621,Sur place,Cas contacts liste CPAM/Sur ordonnance d'un médecin/Pas dans le cadre d'un dépistage massif par la CPAM/Pas de billets d'avions/Patient symptomatiques ou cas contact sans ordonnance,lundi : 8h00-12h00 et 13h15-16h00 | mardi : 8h00-12h00 et 13h15-16h00 | mercredi : 8h00-12h00 et 13h15-16h00 | jeudi : 8h00-12h00 et 13h15-16h00 | vendredi : 8h00-12h00 et 13h15-16h00 | samedi et dimanche : fermé,,Sur rendez-vous uniquement,0134974333,,2020-09-24
tKZjHDitorDZq8Fn,810011379,810011056,LBM ALTISBIO  SITE ALBI,1 R DU PERE COLOMBIER 81000 ALBI,,2.16422848747298,43.9307855667987,Sur place,Personnel soignant,,,,0563602840,,2020-09-24
RgyiTJDB07osZSZM,830018057,830018776,LBM CERBALLIANCE COTE D'AZUR PLATEAU GASSIN,ESPA SANTE DU GOLFE DE ST TROPEZ 83580 GASSIN,,6.58557990308221,43.2283609486028,En EHPAD/En étab. santé,Prélèvement en établissements de santé,,,,,,2020-09-29
ctoYMe6QYbdLC8AC,830018057,830208054,LBM CERBALLIANCE COTE D'AZUR SITE TOUL - TOULON,7 BD DE STRASBOURG 83000 TOULON,,5.93001873157787,43.1252769793173,En EHPAD/En étab. santé,Prélèvement en établissements de santé,lundi : 7h30 - 18h30 | mardi :  7h30 - 18h30 | mercredi :  7h30 - 18h30 | jeudi : 7h30 - 18h30 | vendredi :  7h30 - 18h30 | samedi :  7h30 - 11h30 | dimanche : fermé,,Avec ou sans rendez-vous,04 94 92 31 37,Téléphone,2020-09-29
AIA9aDIWZ53VpqMj,830100525,830008199,CSAPA LE MALMONT DRAGUIGNAN,BD JOSEPH COLLOMP 83300 DRAGUIGNAN,equipe mobile,6.46261724658431,43.5469507724422,Sur place,résidents,,,,0494605669,,2020-09-24
CchKQe9ROKQ5PzZS,830100616,830016119,EHPAD PUBLIC GEORGES CLEMENCEAU,421 AV 1ER BT INF MARINE PACIFIQUE 83130 LA GARDE,,6.01042374154228,43.1238715004217,Sur place,Personnel soignant,,,,0494616162,,2020-09-24
VFujJNfldpaNg8IG,830100616,830016531,EHPAD TOUSSAINT MERLE,AV JULES RENARD 83507 LA SEYNE SUR MER CEDEX,,5.87080975265359,43.1108078600466,Sur place,Personnel soignant,,,,0494618022,,2020-09-24
rgDISav9xxoXbsa3,830100616,830020012,CHITS USLD LA SEYNE SUR MER,AV JULES RENARD 83507 LA SEYNE SUR MER CEDEX,,5.87080975265359,43.1108078600466,Sur place,Personnel soignant,,,,0494113010,,2020-09-24
tLmCGlCk6qZ6LkCn,830100616,830100608,CHITS CH GEORGE SAND,AV JULES RENARD 83507 LA SEYNE SUR MER CEDEX,Consultations externes,5.87080975265359,43.1108078600466,Sur place,Personnel soignant,,,?,0494113010,,2020-09-24
TAUrJU339PyWkNnZ,830100616,830202743,CHITS HOPITAL GEORGES CLEMENCEAU,421 AV 1ER BT INF MARINE PACIFIQUE 83130 LA GARDE,,6.01042374154228,43.1238715004217,Sur place,Personnel soignant,,,,0494088684,,2020-09-24
YVl23J7GejAZ53pU,830100616,830212767,CHITS USLD HOPITAL GEORGES CLEMENCEAU,421 AV 1ER BT INF MARINE PACIFIQUE 83130 LA GARDE,,6.01042374154228,43.1238715004217,Sur place,Personnel soignant,,,,0494616162,,2020-09-24
VL4L8GBvJlRnCYEF,850000035,850000183,CH FONTENAY- LE- COMTE,11 Rue du Docteur René Laforge 85200 Fontenay-le-Comte,DRIVE au CH  à l'adresse 11 rue du Dr Laforge,-0.827669,46.466225,Sur place,Patients symptomatiques/Cas contacts liste CPAM,du lundi au vendredi sur RDV uniquement,,Sur rendez-vous uniquement,02.51.53.29.31,,2020-09-24
eO6xzP4OsKl8X4aK,860012756,DRIVE,Clinique de Châtellerault,17 Rue de Verdun 86100 Châtellerault,drive,0.537611,46.8197,Sur place,Personnel soignant,lundi : 10h00-13h00 | mardi : 10h00-13h00 | mercredi : 10h00-13h00 | jeudi : 10h00-13h00 | vendredi : 10h00-13h00 | samedi : fermé | dimanche : fermé,,Sur rendez-vous uniquement,04.49.85.47.44,,2020-10-02
i0EDWuOsFOAEas62,860014208,860000223,CHU LA MILETRIE,2 Rue de la Milètrie 86000 Poitiers,"DRIVE Pédiatrique, Urgences pédiatrique",0.383963,46.558578,Sur place,Enfants 0-3 ans,lundi : 9h00-12h30 et 13h30-15h30 | mardi : 9h00-12h30 et 13h30-15h30 | mercredi : 9h00-12h30 et 13h30-15h30 | jeudi : 9h00-12h30 et 13h30-15h30 | vendredi : 9h00-12h30 et 13h30-15h30 | samedi : fermé | dimanche : fermé,,Sur rendez-vous uniquement,05 16 60 42 02,,2020-09-24
oRZsPEHWb1MrH4ad,920028313,780022224,LBM BIOSMOSE SITE VERSAILLES SYMPHORIE,4 PL SAINT SYMPHORIEN 78000 VERSAILLES,,2.14644040133499,48.8044694384283,En cabinet infirmier,Patients ayant été atteints par le COVID-19/Sur rendez-vous,lundi : 10h00-12h00  | mardi : 10h00-12h00 | mercredi : 10h00-12h00  | jeudi : 10h00-12h00  | vendredi : 10h00-12h00  | samedi :  | dimanche : fermé,,,01 39 50 14 69,,2020-09-24
fyGHTsZdgD48UEJD,920028313,780022414,LBM BIOSMOSE SITE VELIZY,70 PL LOUVOIS 78140 VELIZY VILLACOUBLAY,,2.17927022878736,48.7858466431228,Sur place,Patients ayant été atteints par le COVID-19/Sur rendez-vous,lundi : 9h30-12h00 et 14h00-19h00 | mardi : 9h30-12h00 et 14h00-19h00 | mercredi : 9h30-12h00 et 14h00-19h00 | jeudi : fermé | vendredi : fermé | samedi : fermé | dimanche : fermé,,,01 39 46 09 22,,2020-09-24
qac388xCiiBTnBzM,920028313,920028651,LBM BIOSMOSE SITE HERVET,3 R HERVET 92500 RUEIL MALMAISON,,2.17945921286848,48.8772538014647,Sur place,Patients ayant été atteints par le COVID-19/Sur rendez-vous,lundi : 10h00-12h30  | mardi : 10h00-12h30  | mercredi : 10h00-12h30  | jeudi : 10h00-12h30  | vendredi : 10h00-12h30  | samedi :  | dimanche : fermé,,,01 47 49 21 69,,2020-09-24
t4l9KFcdDsaxwVBz,930021480,930000286,GHI LE RAINCY MONTFERMEIL,10 R DU GENERAL LECLERC 93370 MONTFERMEIL,,2.57428404809458,48.8981701042599,Sur place,SAU/personnes hospitalisées,,,,,,2020-09-24
uXtKsDr4Wy9pcy8S,930021480,930000294,CTRE D MOYEN ET LONG SEJOUR LES ORMES,13 PL JEAN MERMOZ 93370 MONTFERMEIL,,2.57161627427222,48.9022901704305,Sur place,Résidents/Personnel soignant,,,,,,2020-09-24
3WWYT1WWgwh3YghH,930021480,930021498,EHPAD DU GHI LE RAINCY MONTFERMEIL,13 PL JEAN MEMOZ 93370 MONTFERMEIL,,2.57161627427222,48.9022901704305,Sur place,Résidents/Personnel soignant,,,,,,2020-09-24
an2ZKdcs5iOdiq4L,930021480,930816962,USLD CTRE GERIATRIQUE LES ORMES,13 PL JEAN MERMOZ 93370 MONTFERMEIL,,2.57161627427222,48.9022901704305,Sur place,Résidents/Personnel soignant,,,,,,2020-09-24
ebj094uN0hAlZw3s,930110069,930000336,CHI ROBERT BALLANGER,BD ROBERT BALLANGER 93602 AULNAY SOUS BOIS CEDEX,LABORATOIRE DE BIOLOGIE,2.52354,48.95292,Sur place,Cas contacts liste CPAM,9H-17H30,,Sur rendez-vous uniquement,0149367307,,2020-09-24
